{
  "origin_x": -36.06144714355469,
  "origin_y": -25.1938533782959,
  "origin_yaw": 0.0,
  "width_m": 71.0,
  "height_m": 65.9000015258789,
  "img_width_px": 1024,
  "img_height_px": 951,
  "resolution": 0.06931570877412141
}